,# features,vectorization time [s],train accuracy [%],test accuracy [%],training time [s],vectorization,tokenizer,stop_words,ngram range,max features,z-score,columns,sparse,model,activation,C,widths,# epochs,learning rate,batch size
0,100,0.8,52.9484,52.784,0.06,tf-idf,None,,"(1, 1)",100.0,False,['title'],False,LogisticRegression,,,,1,0.01,100
1,100,0.8,52.3331,52.1604,0.05,tf-idf,None,,"(1, 1)",100.0,False,['title'],False,LogisticRegression,,,,1,0.01,35918
2,100,0.8,81.6833,82.3163,0.67,tf-idf,None,,"(1, 1)",100.0,False,['title'],False,LogisticRegression,,,,10,0.01,100
3,100,0.8,52.3331,52.1604,0.63,tf-idf,None,,"(1, 1)",100.0,False,['title'],False,LogisticRegression,,,,10,0.01,35918
4,100,0.8,86.3021,86.9154,7.03,tf-idf,None,,"(1, 1)",100.0,False,['title'],False,LogisticRegression,,,,100,0.01,100
5,100,0.8,52.3331,52.1604,6.49,tf-idf,None,,"(1, 1)",100.0,False,['title'],False,LogisticRegression,,,,100,0.01,35918
6,100,0.8,52.3331,52.1604,0.11,tf-idf,None,,"(1, 1)",100.0,False,['title'],False,LinearSVM,,1.0,,1,0.01,100
7,100,0.8,52.3331,52.1604,0.1,tf-idf,None,,"(1, 1)",100.0,False,['title'],False,LinearSVM,,10.0,,1,0.01,100
8,100,0.8,74.3777,74.6325,0.1,tf-idf,None,,"(1, 1)",100.0,False,['title'],False,LinearSVM,,50.0,,1,0.01,100
9,100,0.8,52.3331,52.1604,0.13,tf-idf,None,,"(1, 1)",100.0,False,['title'],False,LinearSVM,,1.0,,1,0.01,35918
10,100,0.8,52.3331,52.1604,0.16,tf-idf,None,,"(1, 1)",100.0,False,['title'],False,LinearSVM,,10.0,,1,0.01,35918
11,100,0.8,52.3331,52.1604,0.11,tf-idf,None,,"(1, 1)",100.0,False,['title'],False,LinearSVM,,50.0,,1,0.01,35918
12,100,0.8,52.3331,52.1604,0.95,tf-idf,None,,"(1, 1)",100.0,False,['title'],False,LinearSVM,,1.0,,10,0.01,100
13,100,0.8,52.3331,52.1604,1.09,tf-idf,None,,"(1, 1)",100.0,False,['title'],False,LinearSVM,,10.0,,10,0.01,100
14,100,0.8,65.037,65.2227,0.97,tf-idf,None,,"(1, 1)",100.0,False,['title'],False,LinearSVM,,50.0,,10,0.01,100
15,100,0.8,52.3331,52.1604,1.08,tf-idf,None,,"(1, 1)",100.0,False,['title'],False,LinearSVM,,1.0,,10,0.01,35918
16,100,0.8,52.3331,52.1604,1.05,tf-idf,None,,"(1, 1)",100.0,False,['title'],False,LinearSVM,,10.0,,10,0.01,35918
17,100,0.8,52.3331,52.1604,1.03,tf-idf,None,,"(1, 1)",100.0,False,['title'],False,LinearSVM,,50.0,,10,0.01,35918
18,100,0.8,52.3331,52.1604,8.33,tf-idf,None,,"(1, 1)",100.0,False,['title'],False,LinearSVM,,1.0,,100,0.01,100
19,100,0.8,52.3331,52.1604,10.18,tf-idf,None,,"(1, 1)",100.0,False,['title'],False,LinearSVM,,10.0,,100,0.01,100
20,100,0.8,79.7622,80.1002,10.63,tf-idf,None,,"(1, 1)",100.0,False,['title'],False,LinearSVM,,50.0,,100,0.01,100
21,100,0.8,52.3331,52.1604,11.71,tf-idf,None,,"(1, 1)",100.0,False,['title'],False,LinearSVM,,1.0,,100,0.01,35918
22,100,0.8,52.3331,52.1604,9.16,tf-idf,None,,"(1, 1)",100.0,False,['title'],False,LinearSVM,,10.0,,100,0.01,35918
23,100,0.8,60.1732,60.2339,9.89,tf-idf,None,,"(1, 1)",100.0,False,['title'],False,LinearSVM,,50.0,,100,0.01,35918
24,1000,1.21,52.3331,52.1604,1.26,tf-idf,None,,"(1, 1)",1000.0,False,['title'],False,LogisticRegression,,,,1,0.01,100
25,1000,1.21,52.3331,52.1604,0.79,tf-idf,None,,"(1, 1)",1000.0,False,['title'],False,LogisticRegression,,,,1,0.01,35918
26,1000,1.21,72.3815,73.0401,9.98,tf-idf,None,,"(1, 1)",1000.0,False,['title'],False,LogisticRegression,,,,10,0.01,100
27,1000,1.21,52.3331,52.1604,6.7,tf-idf,None,,"(1, 1)",1000.0,False,['title'],False,LogisticRegression,,,,10,0.01,35918
28,1000,1.21,90.6955,90.8686,93.0,tf-idf,None,,"(1, 1)",1000.0,False,['title'],False,LogisticRegression,,,,100,0.01,100
29,1000,1.21,52.3331,52.1604,86.9,tf-idf,None,,"(1, 1)",1000.0,False,['title'],False,LogisticRegression,,,,100,0.01,35918
30,1000,1.21,52.3331,52.1604,1.08,tf-idf,None,,"(1, 1)",1000.0,False,['title'],False,LinearSVM,,1.0,,1,0.01,100
31,1000,1.21,52.3331,52.1604,1.2,tf-idf,None,,"(1, 1)",1000.0,False,['title'],False,LinearSVM,,10.0,,1,0.01,100
32,1000,1.21,52.3331,52.1604,1.2,tf-idf,None,,"(1, 1)",1000.0,False,['title'],False,LinearSVM,,50.0,,1,0.01,100
33,1000,1.21,52.3331,52.1604,1.26,tf-idf,None,,"(1, 1)",1000.0,False,['title'],False,LinearSVM,,1.0,,1,0.01,35918
34,1000,1.21,52.3331,52.1604,1.31,tf-idf,None,,"(1, 1)",1000.0,False,['title'],False,LinearSVM,,10.0,,1,0.01,35918
35,1000,1.21,52.3331,52.1604,1.2,tf-idf,None,,"(1, 1)",1000.0,False,['title'],False,LinearSVM,,50.0,,1,0.01,35918
36,1000,1.21,52.3331,52.1604,10.23,tf-idf,None,,"(1, 1)",1000.0,False,['title'],False,LinearSVM,,1.0,,10,0.01,100
37,1000,1.21,52.3331,52.1604,10.28,tf-idf,None,,"(1, 1)",1000.0,False,['title'],False,LinearSVM,,10.0,,10,0.01,100
38,1000,1.21,52.3331,52.1604,10.06,tf-idf,None,,"(1, 1)",1000.0,False,['title'],False,LinearSVM,,50.0,,10,0.01,100
39,1000,1.21,52.3331,52.1604,12.24,tf-idf,None,,"(1, 1)",1000.0,False,['title'],False,LinearSVM,,1.0,,10,0.01,35918
40,1000,1.21,52.3331,52.1604,11.71,tf-idf,None,,"(1, 1)",1000.0,False,['title'],False,LinearSVM,,10.0,,10,0.01,35918
41,1000,1.21,52.3331,52.1604,12.15,tf-idf,None,,"(1, 1)",1000.0,False,['title'],False,LinearSVM,,50.0,,10,0.01,35918
42,1000,1.21,52.3331,52.1604,102.38,tf-idf,None,,"(1, 1)",1000.0,False,['title'],False,LinearSVM,,1.0,,100,0.01,100
43,1000,1.21,52.3331,52.1604,104.9,tf-idf,None,,"(1, 1)",1000.0,False,['title'],False,LinearSVM,,10.0,,100,0.01,100
44,1000,1.21,52.3331,52.1604,106.77,tf-idf,None,,"(1, 1)",1000.0,False,['title'],False,LinearSVM,,50.0,,100,0.01,100
45,1000,1.21,52.3331,52.1604,120.06,tf-idf,None,,"(1, 1)",1000.0,False,['title'],False,LinearSVM,,1.0,,100,0.01,35918
46,1000,1.21,52.3331,52.1604,121.32,tf-idf,None,,"(1, 1)",1000.0,False,['title'],False,LinearSVM,,10.0,,100,0.01,35918
47,1000,1.21,52.3331,52.1604,121.28,tf-idf,None,,"(1, 1)",1000.0,False,['title'],False,LinearSVM,,50.0,,100,0.01,35918
48,100,1.2,86.9063,87.461,0.07,tf-idf,None,,"(1, 1)",100.0,True,['title'],False,LogisticRegression,,,,1,0.01,100
49,100,1.2,86.291,86.9042,0.11,tf-idf,None,,"(1, 1)",100.0,True,['title'],False,LogisticRegression,,,,1,0.01,35918
50,100,1.2,88.1842,88.6414,0.73,tf-idf,None,,"(1, 1)",100.0,True,['title'],False,LogisticRegression,,,,10,0.01,100
51,100,1.2,86.3077,86.9154,0.71,tf-idf,None,,"(1, 1)",100.0,True,['title'],False,LogisticRegression,,,,10,0.01,35918
52,100,1.2,88.6798,89.2984,8.89,tf-idf,None,,"(1, 1)",100.0,True,['title'],False,LogisticRegression,,,,100,0.01,100
53,100,1.2,86.4887,87.0045,6.96,tf-idf,None,,"(1, 1)",100.0,True,['title'],False,LogisticRegression,,,,100,0.01,35918
54,100,1.2,86.4079,87.049,0.12,tf-idf,None,,"(1, 1)",100.0,True,['title'],False,LinearSVM,,1.0,,1,0.01,100
55,100,1.2,87.0705,87.5278,0.15,tf-idf,None,,"(1, 1)",100.0,True,['title'],False,LinearSVM,,10.0,,1,0.01,100
56,100,1.2,84.5175,84.6882,0.11,tf-idf,None,,"(1, 1)",100.0,True,['title'],False,LinearSVM,,50.0,,1,0.01,100
57,100,1.2,86.291,86.9042,0.1,tf-idf,None,,"(1, 1)",100.0,True,['title'],False,LinearSVM,,1.0,,1,0.01,35918
58,100,1.2,86.291,86.9042,0.25,tf-idf,None,,"(1, 1)",100.0,True,['title'],False,LinearSVM,,10.0,,1,0.01,35918
59,100,1.2,86.291,86.9042,0.14,tf-idf,None,,"(1, 1)",100.0,True,['title'],False,LinearSVM,,50.0,,1,0.01,35918
60,100,1.2,86.4107,87.049,0.93,tf-idf,None,,"(1, 1)",100.0,True,['title'],False,LinearSVM,,1.0,,10,0.01,100
61,100,1.2,86.742,87.3163,1.05,tf-idf,None,,"(1, 1)",100.0,True,['title'],False,LinearSVM,,10.0,,10,0.01,100
62,100,1.2,84.5537,85.0891,0.98,tf-idf,None,,"(1, 1)",100.0,True,['title'],False,LinearSVM,,50.0,,10,0.01,100
63,100,1.2,86.3049,86.9042,0.95,tf-idf,None,,"(1, 1)",100.0,True,['title'],False,LinearSVM,,1.0,,10,0.01,35918
64,100,1.2,86.3996,86.8486,1.01,tf-idf,None,,"(1, 1)",100.0,True,['title'],False,LinearSVM,,10.0,,10,0.01,35918
65,100,1.2,88.1285,88.7416,0.87,tf-idf,None,,"(1, 1)",100.0,True,['title'],False,LinearSVM,,50.0,,10,0.01,35918
66,100,1.2,86.355,86.9822,10.36,tf-idf,None,,"(1, 1)",100.0,True,['title'],False,LinearSVM,,1.0,,100,0.01,100
67,100,1.2,86.6752,87.4053,9.79,tf-idf,None,,"(1, 1)",100.0,True,['title'],False,LinearSVM,,10.0,,100,0.01,100
68,100,1.2,83.2006,83.2405,9.42,tf-idf,None,,"(1, 1)",100.0,True,['title'],False,LinearSVM,,50.0,,100,0.01,100
69,100,1.2,86.4803,87.0379,10.56,tf-idf,None,,"(1, 1)",100.0,True,['title'],False,LinearSVM,,1.0,,100,0.01,35918
70,100,1.2,87.5355,88.3408,8.91,tf-idf,None,,"(1, 1)",100.0,True,['title'],False,LinearSVM,,10.0,,100,0.01,35918
71,100,1.2,88.3345,88.8307,7.8,tf-idf,None,,"(1, 1)",100.0,True,['title'],False,LinearSVM,,50.0,,100,0.01,35918
72,1000,1.93,93.1706,92.6503,1.01,tf-idf,None,,"(1, 1)",1000.0,True,['title'],False,LogisticRegression,,,,1,0.01,100
73,1000,1.93,92.0513,91.6704,0.64,tf-idf,None,,"(1, 1)",1000.0,True,['title'],False,LogisticRegression,,,,1,0.01,35918
74,1000,1.93,94.6239,94.0757,8.76,tf-idf,None,,"(1, 1)",1000.0,True,['title'],False,LogisticRegression,,,,10,0.01,100
75,1000,1.93,92.0875,91.7706,8.86,tf-idf,None,,"(1, 1)",1000.0,True,['title'],False,LogisticRegression,,,,10,0.01,35918
76,1000,1.93,95.3282,94.5991,93.73,tf-idf,None,,"(1, 1)",1000.0,True,['title'],False,LogisticRegression,,,,100,0.01,100
77,1000,1.93,92.4272,92.049,89.57,tf-idf,None,,"(1, 1)",1000.0,True,['title'],False,LogisticRegression,,,,100,0.01,35918
78,1000,1.93,92.2546,91.6481,1.08,tf-idf,None,,"(1, 1)",1000.0,True,['title'],False,LinearSVM,,1.0,,1,0.01,100
79,1000,1.93,88.2176,87.8062,1.14,tf-idf,None,,"(1, 1)",1000.0,True,['title'],False,LinearSVM,,10.0,,1,0.01,100
80,1000,1.93,86.8784,86.8931,1.07,tf-idf,None,,"(1, 1)",1000.0,True,['title'],False,LinearSVM,,50.0,,1,0.01,100
81,1000,1.93,92.0513,91.6704,1.19,tf-idf,None,,"(1, 1)",1000.0,True,['title'],False,LinearSVM,,1.0,,1,0.01,35918
82,1000,1.93,92.0513,91.6704,1.34,tf-idf,None,,"(1, 1)",1000.0,True,['title'],False,LinearSVM,,10.0,,1,0.01,35918
83,1000,1.93,92.0513,91.6704,1.07,tf-idf,None,,"(1, 1)",1000.0,True,['title'],False,LinearSVM,,50.0,,1,0.01,35918
84,1000,1.93,92.2462,91.7483,10.83,tf-idf,None,,"(1, 1)",1000.0,True,['title'],False,LinearSVM,,1.0,,10,0.01,100
85,1000,1.93,88.5127,88.2739,8.83,tf-idf,None,,"(1, 1)",1000.0,True,['title'],False,LinearSVM,,10.0,,10,0.01,100
86,1000,1.93,86.9369,86.2584,8.92,tf-idf,None,,"(1, 1)",1000.0,True,['title'],False,LinearSVM,,50.0,,10,0.01,100
87,1000,1.93,92.0541,91.7149,11.88,tf-idf,None,,"(1, 1)",1000.0,True,['title'],False,LinearSVM,,1.0,,10,0.01,35918
88,1000,1.93,93.3153,92.9399,11.48,tf-idf,None,,"(1, 1)",1000.0,True,['title'],False,LinearSVM,,10.0,,10,0.01,35918
89,1000,1.93,94.8466,94.1537,10.63,tf-idf,None,,"(1, 1)",1000.0,True,['title'],False,LinearSVM,,50.0,,10,0.01,35918
90,1000,1.93,92.2936,92.0267,102.67,tf-idf,None,,"(1, 1)",1000.0,True,['title'],False,LinearSVM,,1.0,,100,0.01,100
91,1000,1.93,87.3434,86.6927,91.4,tf-idf,None,,"(1, 1)",1000.0,True,['title'],False,LinearSVM,,10.0,,100,0.01,100
92,1000,1.93,86.6836,86.7038,88.77,tf-idf,None,,"(1, 1)",1000.0,True,['title'],False,LinearSVM,,50.0,,100,0.01,100
93,1000,1.93,92.6444,92.2829,115.79,tf-idf,None,,"(1, 1)",1000.0,True,['title'],False,LinearSVM,,1.0,,100,0.01,35918
94,1000,1.93,94.6935,94.2762,100.9,tf-idf,None,,"(1, 1)",1000.0,True,['title'],False,LinearSVM,,10.0,,100,0.01,35918
95,1000,1.93,95.2503,94.4989,94.26,tf-idf,None,,"(1, 1)",1000.0,True,['title'],False,LinearSVM,,50.0,,100,0.01,35918
96,100,0.97,52.7451,52.5056,0.23,tf-idf,None,,"(1, 1)",100.0,False,['title'],True,LogisticRegression,,,,1,0.01,100
97,100,0.97,52.3331,52.1604,0.0,tf-idf,None,,"(1, 1)",100.0,False,['title'],True,LogisticRegression,,,,1,0.01,35918
98,100,0.97,81.7028,82.3274,2.14,tf-idf,None,,"(1, 1)",100.0,False,['title'],True,LogisticRegression,,,,10,0.01,100
99,100,0.97,52.3331,52.1604,0.07,tf-idf,None,,"(1, 1)",100.0,False,['title'],True,LogisticRegression,,,,10,0.01,35918
100,100,0.97,86.3077,86.9154,21.78,tf-idf,None,,"(1, 1)",100.0,False,['title'],True,LogisticRegression,,,,100,0.01,100
101,100,0.97,52.3331,52.1604,0.63,tf-idf,None,,"(1, 1)",100.0,False,['title'],True,LogisticRegression,,,,100,0.01,35918
102,100,0.97,52.3331,52.1604,0.51,tf-idf,None,,"(1, 1)",100.0,False,['title'],True,LinearSVM,,1.0,,1,0.01,100
103,100,0.97,52.3331,52.1604,0.42,tf-idf,None,,"(1, 1)",100.0,False,['title'],True,LinearSVM,,10.0,,1,0.01,100
104,100,0.97,63.4389,63.8753,0.56,tf-idf,None,,"(1, 1)",100.0,False,['title'],True,LinearSVM,,50.0,,1,0.01,100
105,100,0.97,52.3331,52.1604,0.02,tf-idf,None,,"(1, 1)",100.0,False,['title'],True,LinearSVM,,1.0,,1,0.01,35918
106,100,0.97,52.3331,52.1604,0.02,tf-idf,None,,"(1, 1)",100.0,False,['title'],True,LinearSVM,,10.0,,1,0.01,35918
107,100,0.97,52.3331,52.1604,0.03,tf-idf,None,,"(1, 1)",100.0,False,['title'],True,LinearSVM,,50.0,,1,0.01,35918
108,100,0.97,52.3331,52.1604,4.19,tf-idf,None,,"(1, 1)",100.0,False,['title'],True,LinearSVM,,1.0,,10,0.01,100
109,100,0.97,52.3331,52.1604,4.75,tf-idf,None,,"(1, 1)",100.0,False,['title'],True,LinearSVM,,10.0,,10,0.01,100
110,100,0.97,64.7196,64.9666,4.85,tf-idf,None,,"(1, 1)",100.0,False,['title'],True,LinearSVM,,50.0,,10,0.01,100
111,100,0.97,52.3331,52.1604,0.18,tf-idf,None,,"(1, 1)",100.0,False,['title'],True,LinearSVM,,1.0,,10,0.01,35918
112,100,0.97,52.3331,52.1604,0.22,tf-idf,None,,"(1, 1)",100.0,False,['title'],True,LinearSVM,,10.0,,10,0.01,35918
113,100,0.97,52.3331,52.1604,0.15,tf-idf,None,,"(1, 1)",100.0,False,['title'],True,LinearSVM,,50.0,,10,0.01,35918
114,100,0.97,52.3331,52.1604,42.19,tf-idf,None,,"(1, 1)",100.0,False,['title'],True,LinearSVM,,1.0,,100,0.01,100
115,100,0.97,52.3331,52.1604,46.78,tf-idf,None,,"(1, 1)",100.0,False,['title'],True,LinearSVM,,10.0,,100,0.01,100
116,100,0.97,66.5377,66.7483,41.98,tf-idf,None,,"(1, 1)",100.0,False,['title'],True,LinearSVM,,50.0,,100,0.01,100
117,100,0.97,52.3331,52.1604,1.51,tf-idf,None,,"(1, 1)",100.0,False,['title'],True,LinearSVM,,1.0,,100,0.01,35918
118,100,0.97,52.3331,52.1604,1.52,tf-idf,None,,"(1, 1)",100.0,False,['title'],True,LinearSVM,,10.0,,100,0.01,35918
119,100,0.97,60.1732,60.2339,1.6,tf-idf,None,,"(1, 1)",100.0,False,['title'],True,LinearSVM,,50.0,,100,0.01,35918
120,1000,0.93,52.3331,52.1604,0.35,tf-idf,None,,"(1, 1)",1000.0,False,['title'],True,LogisticRegression,,,,1,0.01,100
121,1000,0.93,52.3331,52.1604,0.01,tf-idf,None,,"(1, 1)",1000.0,False,['title'],True,LogisticRegression,,,,1,0.01,35918
122,1000,0.93,71.4127,71.971,3.81,tf-idf,None,,"(1, 1)",1000.0,False,['title'],True,LogisticRegression,,,,10,0.01,100
123,1000,0.93,52.3331,52.1604,0.12,tf-idf,None,,"(1, 1)",1000.0,False,['title'],True,LogisticRegression,,,,10,0.01,35918
124,1000,0.93,90.676,90.8686,36.6,tf-idf,None,,"(1, 1)",1000.0,False,['title'],True,LogisticRegression,,,,100,0.01,100
125,1000,0.93,52.3331,52.1604,0.77,tf-idf,None,,"(1, 1)",1000.0,False,['title'],True,LogisticRegression,,,,100,0.01,35918
126,1000,0.93,52.3331,52.1604,0.64,tf-idf,None,,"(1, 1)",1000.0,False,['title'],True,LinearSVM,,1.0,,1,0.01,100
127,1000,0.93,52.3331,52.1604,0.6,tf-idf,None,,"(1, 1)",1000.0,False,['title'],True,LinearSVM,,10.0,,1,0.01,100
128,1000,0.93,52.3331,52.1604,0.63,tf-idf,None,,"(1, 1)",1000.0,False,['title'],True,LinearSVM,,50.0,,1,0.01,100
129,1000,0.93,52.3331,52.1604,0.05,tf-idf,None,,"(1, 1)",1000.0,False,['title'],True,LinearSVM,,1.0,,1,0.01,35918
130,1000,0.93,52.3331,52.1604,0.05,tf-idf,None,,"(1, 1)",1000.0,False,['title'],True,LinearSVM,,10.0,,1,0.01,35918
131,1000,0.93,52.3331,52.1604,0.03,tf-idf,None,,"(1, 1)",1000.0,False,['title'],True,LinearSVM,,50.0,,1,0.01,35918
132,1000,0.93,52.3331,52.1604,5.71,tf-idf,None,,"(1, 1)",1000.0,False,['title'],True,LinearSVM,,1.0,,10,0.01,100
133,1000,0.93,52.3331,52.1604,5.67,tf-idf,None,,"(1, 1)",1000.0,False,['title'],True,LinearSVM,,10.0,,10,0.01,100
134,1000,0.93,52.3331,52.1604,5.75,tf-idf,None,,"(1, 1)",1000.0,False,['title'],True,LinearSVM,,50.0,,10,0.01,100
135,1000,0.93,52.3331,52.1604,0.34,tf-idf,None,,"(1, 1)",1000.0,False,['title'],True,LinearSVM,,1.0,,10,0.01,35918
136,1000,0.93,52.3331,52.1604,0.35,tf-idf,None,,"(1, 1)",1000.0,False,['title'],True,LinearSVM,,10.0,,10,0.01,35918
137,1000,0.93,52.3331,52.1604,0.36,tf-idf,None,,"(1, 1)",1000.0,False,['title'],True,LinearSVM,,50.0,,10,0.01,35918
138,1000,0.93,52.3331,52.1604,56.23,tf-idf,None,,"(1, 1)",1000.0,False,['title'],True,LinearSVM,,1.0,,100,0.01,100
139,1000,0.93,52.3331,52.1604,60.45,tf-idf,None,,"(1, 1)",1000.0,False,['title'],True,LinearSVM,,10.0,,100,0.01,100
140,1000,0.93,52.3331,52.1604,56.7,tf-idf,None,,"(1, 1)",1000.0,False,['title'],True,LinearSVM,,50.0,,100,0.01,100
141,1000,0.93,52.3331,52.1604,2.81,tf-idf,None,,"(1, 1)",1000.0,False,['title'],True,LinearSVM,,1.0,,100,0.01,35918
142,1000,0.93,52.3331,52.1604,3.08,tf-idf,None,,"(1, 1)",1000.0,False,['title'],True,LinearSVM,,10.0,,100,0.01,35918
143,1000,0.93,52.3331,52.1604,2.84,tf-idf,None,,"(1, 1)",1000.0,False,['title'],True,LinearSVM,,50.0,,100,0.01,35918
144,19616,0.94,52.3331,52.1604,0.78,tf-idf,None,,"(1, 1)",,False,['title'],True,LogisticRegression,,,,1,0.01,100
145,19616,0.94,52.3331,52.1604,0.01,tf-idf,None,,"(1, 1)",,False,['title'],True,LogisticRegression,,,,1,0.01,35918
146,19616,0.94,53.7669,53.5301,8.07,tf-idf,None,,"(1, 1)",,False,['title'],True,LogisticRegression,,,,10,0.01,100
147,19616,0.94,52.3331,52.1604,0.2,tf-idf,None,,"(1, 1)",,False,['title'],True,LogisticRegression,,,,10,0.01,35918
148,19616,0.94,91.9066,91.6815,77.78,tf-idf,None,,"(1, 1)",,False,['title'],True,LogisticRegression,,,,100,0.01,100
149,19616,0.94,52.3331,52.1604,1.25,tf-idf,None,,"(1, 1)",,False,['title'],True,LogisticRegression,,,,100,0.01,35918
150,19616,0.94,52.3331,52.1604,1.2,tf-idf,None,,"(1, 1)",,False,['title'],True,LinearSVM,,1.0,,1,0.01,100
151,19616,0.94,52.3331,52.1604,1.27,tf-idf,None,,"(1, 1)",,False,['title'],True,LinearSVM,,10.0,,1,0.01,100
152,19616,0.94,52.3331,52.1604,1.19,tf-idf,None,,"(1, 1)",,False,['title'],True,LinearSVM,,50.0,,1,0.01,100
153,19616,0.94,52.3331,52.1604,0.05,tf-idf,None,,"(1, 1)",,False,['title'],True,LinearSVM,,1.0,,1,0.01,35918
154,19616,0.94,52.3331,52.1604,0.06,tf-idf,None,,"(1, 1)",,False,['title'],True,LinearSVM,,10.0,,1,0.01,35918
155,19616,0.94,52.3331,52.1604,0.06,tf-idf,None,,"(1, 1)",,False,['title'],True,LinearSVM,,50.0,,1,0.01,35918
156,19616,0.94,52.3331,52.1604,10.53,tf-idf,None,,"(1, 1)",,False,['title'],True,LinearSVM,,1.0,,10,0.01,100
157,19616,0.94,52.3331,52.1604,9.39,tf-idf,None,,"(1, 1)",,False,['title'],True,LinearSVM,,10.0,,10,0.01,100
158,19616,0.94,52.3331,52.1604,8.83,tf-idf,None,,"(1, 1)",,False,['title'],True,LinearSVM,,50.0,,10,0.01,100
159,19616,0.94,52.3331,52.1604,0.39,tf-idf,None,,"(1, 1)",,False,['title'],True,LinearSVM,,1.0,,10,0.01,35918
160,19616,0.94,52.3331,52.1604,0.43,tf-idf,None,,"(1, 1)",,False,['title'],True,LinearSVM,,10.0,,10,0.01,35918
161,19616,0.94,52.3331,52.1604,0.41,tf-idf,None,,"(1, 1)",,False,['title'],True,LinearSVM,,50.0,,10,0.01,35918
162,19616,0.94,52.3331,52.1604,88.87,tf-idf,None,,"(1, 1)",,False,['title'],True,LinearSVM,,1.0,,100,0.01,100
163,19616,0.94,52.3331,52.1604,88.82,tf-idf,None,,"(1, 1)",,False,['title'],True,LinearSVM,,10.0,,100,0.01,100
164,19616,0.94,52.3331,52.1604,94.29,tf-idf,None,,"(1, 1)",,False,['title'],True,LinearSVM,,50.0,,100,0.01,100
165,19616,0.94,52.3331,52.1604,3.11,tf-idf,None,,"(1, 1)",,False,['title'],True,LinearSVM,,1.0,,100,0.01,35918
166,19616,0.94,52.3331,52.1604,3.13,tf-idf,None,,"(1, 1)",,False,['title'],True,LinearSVM,,10.0,,100,0.01,35918
167,19616,0.94,52.3331,52.1604,3.24,tf-idf,None,,"(1, 1)",,False,['title'],True,LinearSVM,,50.0,,100,0.01,35918
168,100,0.88,86.9063,87.4944,0.08,tf-idf,None,,"(1, 1)",100.0,True,['title'],True,LogisticRegression,,,,1,0.01,100
169,100,0.88,86.291,86.9042,0.01,tf-idf,None,,"(1, 1)",100.0,True,['title'],True,LogisticRegression,,,,1,0.01,35918
170,100,0.88,88.1786,88.6303,0.75,tf-idf,None,,"(1, 1)",100.0,True,['title'],True,LogisticRegression,,,,10,0.01,100
171,100,0.88,86.3077,86.9154,0.07,tf-idf,None,,"(1, 1)",100.0,True,['title'],True,LogisticRegression,,,,10,0.01,35918
172,100,0.88,88.6686,89.2762,7.7,tf-idf,None,,"(1, 1)",100.0,True,['title'],True,LogisticRegression,,,,100,0.01,100
173,100,0.88,86.4887,87.0045,0.6,tf-idf,None,,"(1, 1)",100.0,True,['title'],True,LogisticRegression,,,,100,0.01,35918
174,100,0.88,86.3467,87.0601,0.25,tf-idf,None,,"(1, 1)",100.0,True,['title'],True,LinearSVM,,1.0,,1,0.01,100
175,100,0.88,86.536,86.9042,0.3,tf-idf,None,,"(1, 1)",100.0,True,['title'],True,LinearSVM,,10.0,,1,0.01,100
176,100,0.88,83.9273,84.1425,0.22,tf-idf,None,,"(1, 1)",100.0,True,['title'],True,LinearSVM,,50.0,,1,0.01,100
177,100,0.88,86.291,86.9042,0.02,tf-idf,None,,"(1, 1)",100.0,True,['title'],True,LinearSVM,,1.0,,1,0.01,35918
178,100,0.88,86.291,86.9042,0.02,tf-idf,None,,"(1, 1)",100.0,True,['title'],True,LinearSVM,,10.0,,1,0.01,35918
179,100,0.88,86.291,86.9042,0.01,tf-idf,None,,"(1, 1)",100.0,True,['title'],True,LinearSVM,,50.0,,1,0.01,35918
180,100,0.88,86.4358,86.8708,2.39,tf-idf,None,,"(1, 1)",100.0,True,['title'],True,LinearSVM,,1.0,,10,0.01,100
181,100,0.88,86.948,87.5835,2.47,tf-idf,None,,"(1, 1)",100.0,True,['title'],True,LinearSVM,,10.0,,10,0.01,100
182,100,0.88,83.6127,84.1203,2.51,tf-idf,None,,"(1, 1)",100.0,True,['title'],True,LinearSVM,,50.0,,10,0.01,100
183,100,0.88,86.3049,86.9042,0.18,tf-idf,None,,"(1, 1)",100.0,True,['title'],True,LinearSVM,,1.0,,10,0.01,35918
184,100,0.88,86.3996,86.8486,0.11,tf-idf,None,,"(1, 1)",100.0,True,['title'],True,LinearSVM,,10.0,,10,0.01,35918
185,100,0.88,88.1285,88.7416,0.13,tf-idf,None,,"(1, 1)",100.0,True,['title'],True,LinearSVM,,50.0,,10,0.01,35918
186,100,0.88,86.4386,87.0156,23.4,tf-idf,None,,"(1, 1)",100.0,True,['title'],True,LinearSVM,,1.0,,100,0.01,100
187,100,0.88,86.7476,87.2383,23.19,tf-idf,None,,"(1, 1)",100.0,True,['title'],True,LinearSVM,,10.0,,100,0.01,100
188,100,0.88,83.2507,83.6526,23.01,tf-idf,None,,"(1, 1)",100.0,True,['title'],True,LinearSVM,,50.0,,100,0.01,100
189,100,0.88,86.4803,87.0379,1.27,tf-idf,None,,"(1, 1)",100.0,True,['title'],True,LinearSVM,,1.0,,100,0.01,35918
190,100,0.88,87.5355,88.3408,0.76,tf-idf,None,,"(1, 1)",100.0,True,['title'],True,LinearSVM,,10.0,,100,0.01,35918
191,100,0.88,88.3345,88.8307,0.82,tf-idf,None,,"(1, 1)",100.0,True,['title'],True,LinearSVM,,50.0,,100,0.01,35918
192,1000,0.8,93.1121,92.539,0.09,tf-idf,None,,"(1, 1)",1000.0,True,['title'],True,LogisticRegression,,,,1,0.01,100
193,1000,0.8,92.0513,91.6704,0.01,tf-idf,None,,"(1, 1)",1000.0,True,['title'],True,LogisticRegression,,,,1,0.01,35918
194,1000,0.8,94.6434,94.1537,0.85,tf-idf,None,,"(1, 1)",1000.0,True,['title'],True,LogisticRegression,,,,10,0.01,100
195,1000,0.8,92.0875,91.7706,0.11,tf-idf,None,,"(1, 1)",1000.0,True,['title'],True,LogisticRegression,,,,10,0.01,35918
196,1000,0.8,95.331,94.6102,7.73,tf-idf,None,,"(1, 1)",1000.0,True,['title'],True,LogisticRegression,,,,100,0.01,100
197,1000,0.8,92.4272,92.049,0.78,tf-idf,None,,"(1, 1)",1000.0,True,['title'],True,LogisticRegression,,,,100,0.01,35918
198,1000,0.8,92.1126,91.8597,0.25,tf-idf,None,,"(1, 1)",1000.0,True,['title'],True,LinearSVM,,1.0,,1,0.01,100
199,1000,0.8,88.5155,87.8508,0.37,tf-idf,None,,"(1, 1)",1000.0,True,['title'],True,LinearSVM,,10.0,,1,0.01,100
200,1000,0.8,86.8979,86.3586,0.27,tf-idf,None,,"(1, 1)",1000.0,True,['title'],True,LinearSVM,,50.0,,1,0.01,100
201,1000,0.8,92.0513,91.6704,0.01,tf-idf,None,,"(1, 1)",1000.0,True,['title'],True,LinearSVM,,1.0,,1,0.01,35918
202,1000,0.8,92.0513,91.6704,0.02,tf-idf,None,,"(1, 1)",1000.0,True,['title'],True,LinearSVM,,10.0,,1,0.01,35918
203,1000,0.8,92.0513,91.6704,0.02,tf-idf,None,,"(1, 1)",1000.0,True,['title'],True,LinearSVM,,50.0,,1,0.01,35918
204,1000,0.8,92.1544,91.7817,2.46,tf-idf,None,,"(1, 1)",1000.0,True,['title'],True,LinearSVM,,1.0,,10,0.01,100
205,1000,0.8,88.4097,88.1514,2.49,tf-idf,None,,"(1, 1)",1000.0,True,['title'],True,LinearSVM,,10.0,,10,0.01,100
206,1000,0.8,87.477,88.0846,2.4,tf-idf,None,,"(1, 1)",1000.0,True,['title'],True,LinearSVM,,50.0,,10,0.01,100
207,1000,0.8,92.0541,91.7149,0.25,tf-idf,None,,"(1, 1)",1000.0,True,['title'],True,LinearSVM,,1.0,,10,0.01,35918
208,1000,0.8,93.3153,92.9399,0.22,tf-idf,None,,"(1, 1)",1000.0,True,['title'],True,LinearSVM,,10.0,,10,0.01,35918
209,1000,0.8,94.8466,94.1537,0.12,tf-idf,None,,"(1, 1)",1000.0,True,['title'],True,LinearSVM,,50.0,,10,0.01,35918
210,1000,0.8,92.4105,92.1826,23.49,tf-idf,None,,"(1, 1)",1000.0,True,['title'],True,LinearSVM,,1.0,,100,0.01,100
211,1000,0.8,88.4821,88.2628,23.75,tf-idf,None,,"(1, 1)",1000.0,True,['title'],True,LinearSVM,,10.0,,100,0.01,100
212,1000,0.8,87.3016,86.8151,23.44,tf-idf,None,,"(1, 1)",1000.0,True,['title'],True,LinearSVM,,50.0,,100,0.01,100
213,1000,0.8,92.6444,92.2829,1.74,tf-idf,None,,"(1, 1)",1000.0,True,['title'],True,LinearSVM,,1.0,,100,0.01,35918
214,1000,0.8,94.6935,94.2762,0.91,tf-idf,None,,"(1, 1)",1000.0,True,['title'],True,LinearSVM,,10.0,,100,0.01,35918
215,1000,0.8,95.2503,94.4989,0.91,tf-idf,None,,"(1, 1)",1000.0,True,['title'],True,LinearSVM,,50.0,,100,0.01,35918
216,19616,0.89,98.3045,95.7684,0.24,tf-idf,None,,"(1, 1)",,True,['title'],True,LogisticRegression,,,,1,0.01,100
217,19616,0.89,96.2331,94.4321,0.01,tf-idf,None,,"(1, 1)",,True,['title'],True,LogisticRegression,,,,1,0.01,35918
218,19616,0.89,99.7132,96.1804,2.36,tf-idf,None,,"(1, 1)",,True,['title'],True,LogisticRegression,,,,10,0.01,100
219,19616,0.89,96.3584,94.5323,0.09,tf-idf,None,,"(1, 1)",,True,['title'],True,LogisticRegression,,,,10,0.01,35918
220,19616,0.89,100.0,95.5457,21.83,tf-idf,None,,"(1, 1)",,True,['title'],True,LogisticRegression,,,,100,0.01,100
221,19616,0.89,97.2632,95.1114,0.85,tf-idf,None,,"(1, 1)",,True,['title'],True,LogisticRegression,,,,100,0.01,35918
222,19616,0.89,92.5525,90.7572,0.69,tf-idf,None,,"(1, 1)",,True,['title'],True,LinearSVM,,1.0,,1,0.01,100
223,19616,0.89,88.2343,85.7906,0.43,tf-idf,None,,"(1, 1)",,True,['title'],True,LinearSVM,,10.0,,1,0.01,100
224,19616,0.89,86.575,85.1114,0.52,tf-idf,None,,"(1, 1)",,True,['title'],True,LinearSVM,,50.0,,1,0.01,100
225,19616,0.89,96.2331,94.4321,0.04,tf-idf,None,,"(1, 1)",,True,['title'],True,LinearSVM,,1.0,,1,0.01,35918
226,19616,0.89,96.2331,94.4321,0.03,tf-idf,None,,"(1, 1)",,True,['title'],True,LinearSVM,,10.0,,1,0.01,35918
227,19616,0.89,96.2331,94.4321,0.03,tf-idf,None,,"(1, 1)",,True,['title'],True,LinearSVM,,50.0,,1,0.01,35918
228,19616,0.89,92.8198,90.4454,4.02,tf-idf,None,,"(1, 1)",,True,['title'],True,LinearSVM,,1.0,,10,0.01,100
229,19616,0.89,87.2432,85.5568,3.95,tf-idf,None,,"(1, 1)",,True,['title'],True,LinearSVM,,10.0,,10,0.01,100
230,19616,0.89,87.3796,85.1114,4.01,tf-idf,None,,"(1, 1)",,True,['title'],True,LinearSVM,,50.0,,10,0.01,100
231,19616,0.89,96.2275,94.4543,0.38,tf-idf,None,,"(1, 1)",,True,['title'],True,LinearSVM,,1.0,,10,0.01,35918
232,19616,0.89,99.2733,95.8686,0.17,tf-idf,None,,"(1, 1)",,True,['title'],True,LinearSVM,,10.0,,10,0.01,35918
233,19616,0.89,98.491,93.608,0.13,tf-idf,None,,"(1, 1)",,True,['title'],True,LinearSVM,,50.0,,10,0.01,35918
234,19616,0.89,92.7028,90.3786,39.4,tf-idf,None,,"(1, 1)",,True,['title'],True,LinearSVM,,1.0,,100,0.01,100
235,19616,0.89,87.6218,86.0579,36.76,tf-idf,None,,"(1, 1)",,True,['title'],True,LinearSVM,,10.0,,100,0.01,100
236,19616,0.89,86.4525,84.6771,37.53,tf-idf,None,,"(1, 1)",,True,['title'],True,LinearSVM,,50.0,,100,0.01,100
237,19616,0.89,98.285,95.5457,2.03,tf-idf,None,,"(1, 1)",,True,['title'],True,LinearSVM,,1.0,,100,0.01,35918
238,19616,0.89,99.9248,94.2984,1.07,tf-idf,None,,"(1, 1)",,True,['title'],True,LinearSVM,,10.0,,100,0.01,35918
239,19616,0.89,99.4543,93.2739,0.92,tf-idf,None,,"(1, 1)",,True,['title'],True,LinearSVM,,50.0,,100,0.01,35918
